Experiment,Variable,Pre_Treatment,Post_Treatment,Difference,P_Value
Decimalization,entropy,0.0004240610386449943,0.0009554106630094273,0.000531349624364433,4.5524257089061585e-237
Decimalization,volatility,0.020002647178548393,0.030516931666957393,0.010514284488409,9.166272651330047e-240
Decimalization,spread_proxy,0.0010020335133120424,0.0015062247414909893,0.0005041912281789468,4.640706034966619e-306
Euro Introduction,std,2.0293238891644783,0.19221819105063218,-1.837105698113846,1.4367234324637556e-58
Euro Introduction,entropy,1.5969040735702702,0.041288803821487974,-1.5556152697487822,8.722316909061605e-63
Flash Crash,rolling_vol_15min,0.009711400794300589,0.05792552292654272,0.04821412213224213,1.0015070445724943e-08
Flash Crash,welfare_loss,0.9711400794300641,8.039950936110257,7.068810856680193,7.339234286912636e-11
